{
  "ASCII Anti Aliased": true,
  "AWDS Pane Directory": "",
  "AWDS Pane Option": "No",
  "AWDS Tab Directory": "",
  "AWDS Tab Option": "No",
  "AWDS Window Directory": "",
  "AWDS Window Option": "No",
  "Ambiguous Double Width": false,
  "Ansi 0 Color": {
    "Blue Component": 0,
    "Green Component": 0,
    "Red Component": 0
  },
  "Ansi 1 Color": {
    "Blue Component": 0.47843137254901963,
    "Green Component": 0.47843137254901963,
    "Red Component": 0.7215686274509804
  },
  "Ansi 10 Color": {
    "Blue Component": 0.7411764705882353,
    "Green Component": 0.8588235294117647,
    "Red Component": 0.7411764705882353
  },
  "Ansi 11 Color": {
    "Blue Component": 0.7411764705882353,
    "Green Component": 0.8588235294117647,
    "Red Component": 0.8588235294117647
  },
  "Ansi 12 Color": {
    "Blue Component": 0.8588235294117647,
    "Green Component": 0.7411764705882353,
    "Red Component": 0.7411764705882353
  },
  "Ansi 13 Color": {
    "Blue Component": 0.8588235294117647,
    "Green Component": 0.7411764705882353,
    "Red Component": 0.8588235294117647
  },
  "Ansi 14 Color": {
    "Blue Component": 0.8588235294117647,
    "Green Component": 0.8588235294117647,
    "Red Component": 0.7411764705882353
  },
  "Ansi 15 Color": {
    "Blue Component": 1,
    "Green Component": 1,
    "Red Component": 1
  },
  "Ansi 2 Color": {
    "Blue Component": 0.47843137254901963,
    "Green Component": 0.7215686274509804,
    "Red Component": 0.47843137254901963
  },
  "Ansi 3 Color": {
    "Blue Component": 0.47843137254901963,
    "Green Component": 0.7215686274509804,
    "Red Component": 0.7215686274509804
  },
  "Ansi 4 Color": {
    "Blue Component": 0.7215686274509804,
    "Green Component": 0.47843137254901963,
    "Red Component": 0.47843137254901963
  },
  "Ansi 5 Color": {
    "Blue Component": 0.7215686274509804,
    "Green Component": 0.47843137254901963,
    "Red Component": 0.7215686274509804
  },
  "Ansi 6 Color": {
    "Blue Component": 0.7215686274509804,
    "Green Component": 0.7215686274509804,
    "Red Component": 0.47843137254901963
  },
  "Ansi 7 Color": {
    "Blue Component": 0.8509803921568627,
    "Green Component": 0.8509803921568627,
    "Red Component": 0.8509803921568627
  },
  "Ansi 8 Color": {
    "Blue Component": 0.14901960784313725,
    "Green Component": 0.14901960784313725,
    "Red Component": 0.14901960784313725
  },
  "Ansi 9 Color": {
    "Blue Component": 0.7411764705882353,
    "Green Component": 0.7411764705882353,
    "Red Component": 0.8588235294117647
  },
  "BM Growl": true,
  "Background Color": {
    "Blue Component": 0.14901960784313725,
    "Green Component": 0.09803921568627451,
    "Red Component": 0.050980392156862744
  },
  "Background Image Location": "",
  "Badge Color": {
    "Alpha Component": 0.5,
    "Blue Component": 0,
    "Color Space": "sRGB",
    "Green Component": 0.1491314172744751,
    "Red Component": 1
  },
  "Blink Allowed": true,
  "Blinking Cursor": false,
  "Blur": true,
  "Blur Radius": 15.40631940038071,
  "Bold Color": {
    "Alpha Component": 1,
    "Blue Component": 1,
    "Color Space": "sRGB",
    "Green Component": 1,
    "Red Component": 0.9999960064888
  },
  "Character Encoding": 4,
  "Close Sessions On End": true,
  "Columns": 240,
  "Command": "/usr/local/bin/zsh",
  "Cursor Color": {
    "Blue Component": 0.9490196078431372,
    "Green Component": 0.9019607843137255,
    "Red Component": 0.8509803921568627
  },
  "Cursor Guide Color": {
    "Alpha Component": 0.25,
    "Blue Component": 1,
    "Color Space": "sRGB",
    "Green Component": 0.9268307089805603,
    "Red Component": 0.7021318674087524
  },
  "Cursor Text Color": {
    "Blue Component": 0.14901960784313725,
    "Green Component": 0.09803921568627451,
    "Red Component": 0.050980392156862744
  },
  "Custom Command": "Yes",
  "Custom Directory": "No",
  "Default Bookmark": "No",
  "Description": "Default",
  "Disable Window Resizing": true,
  "Draw Powerline Glyphs": true,
  "Flashing Bell": false,
  "Foreground Color": {
    "Blue Component": 0.9490196078431372,
    "Green Component": 0.9019607843137255,
    "Red Component": 0.8509803921568627
  },
  "Guid": "F36A5539-06C2-4867-977E-60ADC44EAD1E",
  "Horizontal Spacing": 1,
  "Idle Code": 0,
  "Jobs to Ignore": [
    "rlogin",
    "ssh",
    "slogin",
    "telnet"
  ],
  "Keyboard Map": {
    "0x2d-0x40000": {
      "Action": 11,
      "Text": "0x1f"
    },
    "0x32-0x40000": {
      "Action": 11,
      "Text": "0x00"
    },
    "0x33-0x40000": {
      "Action": 11,
      "Text": "0x1b"
    },
    "0x34-0x40000": {
      "Action": 11,
      "Text": "0x1c"
    },
    "0x35-0x40000": {
      "Action": 11,
      "Text": "0x1d"
    },
    "0x36-0x40000": {
      "Action": 11,
      "Text": "0x1e"
    },
    "0x37-0x40000": {
      "Action": 11,
      "Text": "0x1f"
    },
    "0x38-0x40000": {
      "Action": 11,
      "Text": "0x7f"
    },
    "0xf700-0x220000": {
      "Action": 10,
      "Text": "[1;2A"
    },
    "0xf700-0x240000": {
      "Action": 10,
      "Text": "[1;5A"
    },
    "0xf700-0x260000": {
      "Action": 10,
      "Text": "[1;6A"
    },
    "0xf700-0x280000": {
      "Action": 11,
      "Text": "0x1b 0x1b 0x5b 0x41"
    },
    "0xf701-0x220000": {
      "Action": 10,
      "Text": "[1;2B"
    },
    "0xf701-0x240000": {
      "Action": 10,
      "Text": "[1;5B"
    },
    "0xf701-0x260000": {
      "Action": 10,
      "Text": "[1;6B"
    },
    "0xf701-0x280000": {
      "Action": 11,
      "Text": "0x1b 0x1b 0x5b 0x42"
    },
    "0xf702-0x220000": {
      "Action": 10,
      "Text": "[1;2D"
    },
    "0xf702-0x240000": {
      "Action": 10,
      "Text": "[1;5D"
    },
    "0xf702-0x260000": {
      "Action": 10,
      "Text": "[1;6D"
    },
    "0xf702-0x280000": {
      "Action": 11,
      "Text": "0x1b 0x1b 0x5b 0x44"
    },
    "0xf703-0x220000": {
      "Action": 10,
      "Text": "[1;2C"
    },
    "0xf703-0x240000": {
      "Action": 10,
      "Text": "[1;5C"
    },
    "0xf703-0x260000": {
      "Action": 10,
      "Text": "[1;6C"
    },
    "0xf703-0x280000": {
      "Action": 11,
      "Text": "0x1b 0x1b 0x5b 0x43"
    },
    "0xf704-0x20000": {
      "Action": 10,
      "Text": "[1;2P"
    },
    "0xf705-0x20000": {
      "Action": 10,
      "Text": "[1;2Q"
    },
    "0xf706-0x20000": {
      "Action": 10,
      "Text": "[1;2R"
    },
    "0xf707-0x20000": {
      "Action": 10,
      "Text": "[1;2S"
    },
    "0xf708-0x20000": {
      "Action": 10,
      "Text": "[15;2~"
    },
    "0xf709-0x20000": {
      "Action": 10,
      "Text": "[17;2~"
    },
    "0xf70a-0x20000": {
      "Action": 10,
      "Text": "[18;2~"
    },
    "0xf70b-0x20000": {
      "Action": 10,
      "Text": "[19;2~"
    },
    "0xf70c-0x20000": {
      "Action": 10,
      "Text": "[20;2~"
    },
    "0xf70d-0x20000": {
      "Action": 10,
      "Text": "[21;2~"
    },
    "0xf70e-0x20000": {
      "Action": 10,
      "Text": "[23;2~"
    },
    "0xf70f-0x20000": {
      "Action": 10,
      "Text": "[24;2~"
    },
    "0xf729-0x20000": {
      "Action": 10,
      "Text": "[1;2H"
    },
    "0xf729-0x40000": {
      "Action": 10,
      "Text": "[1;5H"
    },
    "0xf72b-0x20000": {
      "Action": 10,
      "Text": "[1;2F"
    },
    "0xf72b-0x40000": {
      "Action": 10,
      "Text": "[1;5F"
    }
  },
  "Link Color": {
    "Alpha Component": 1,
    "Blue Component": 0.734233021736145,
    "Color Space": "sRGB",
    "Green Component": 0.3591606020927429,
    "Red Component": 0
  },
  "Minimum Contrast": 0,
  "Mouse Reporting": true,
  "Name": "Default",
  "Non Ascii Font": "Monaco 12",
  "Non-ASCII Anti Aliased": true,
  "Normal Font": "Monaco 12",
  "Only The Default BG Color Uses Transparency": true,
  "Option Key Sends": 0,
  "Prompt Before Closing 2": false,
  "Right Option Key Sends": 0,
  "Rows": 80,
  "Screen": -1,
  "Scrollback Lines": 0,
  "Selected Text Color": {
    "Alpha Component": 1,
    "Blue Component": 0,